1520144602.01893,-2.916,283.30199999999996,-0.0014765072376196745,0,0.0,0.07820118343195266,0.01104661094690262
1520144602.026691,-2.91,283.301,-0.001493960530139205,0,0.0,0.07820118343195266,0.01104661094690262
1520144602.031707,-2.905,283.301,-0.001493960530139205,-0.015201183431952661,-3.785002870520939e-06,0.07820118343195266,0.01104661094690262
1520144602.036753,-2.902,283.299,-0.0015288671151792582,-0.02920118343195266,-7.488610528081685e-06,0.07820118343195266,0.01104661094690262
1520144602.041743,-2.881,283.298,-0.001546320407698789,-0.04620118343195266,-1.0975747759399633e-05,0.07820118343195266,0.01104661094690262
1520144602.047545,-2.861,283.3,-0.0015114138226587357,-0.06120118343195266,-1.9376400444483554e-05,0.07820118343195266,0.01104661094690262
1520144602.052466,-2.841,283.304,-0.0014416006525796211,-0.06120118343195266,-1.5445812792955003e-05,0.07820118343195266,0.01104661094690262
1520144602.057432,-2.823,283.308,-0.0013717874824995147,-0.05420118343195266,-1.2927910025720387e-05,0.07820118343195266,0.01104661094690262
1520144602.062305,-2.811,283.311,-0.0013194276049399308,-0.035201183431952665,-8.18978950457735e-06,0.07820118343195266,0.01104661094690262
1520144602.075946,-2.811,283.313,-0.0012845210198998776,-0.018201183431952664,-4.887869888070969e-06,0.07820118343195266,0.01104661094690262
1520144602.081038,-2.811,283.312,-0.001301974312419408,0,0.0,0.07820118343195266,0.01104661094690262
1520144602.085992,-2.814,283.31,-0.0013368808974594615,0,0.0,0.07820118343195266,0.01104661094690262
1520144602.090948,-2.816,283.307,-0.0013892407750190452,0,0.0,0.07820118343195266,0.01104661094690262
1520144602.095989,-2.817,283.305,-0.0014241473600590986,0,0.0,0.07820118343195266,0.01104661094690262
1520144602.101211,-2.827,283.305,-0.0014241473600590986,0,0.0,0.07820118343195266,0.01104661094690262
1520144602.106165,-2.839,283.307,-0.0013892407750190452,0,0.0,0.07820118343195266,0.01104661094690262
1520144602.111135,-2.856,283.31,-0.0013368808974594615,0.014798816568047338,3.5572482189335546e-06,0.07820118343195266,0.01104661094690262
1520144602.116146,-2.871,283.311,-0.0013194276049399308,0.01579881656804734,3.868185174035976e-06,0.07820118343195266,0.01104661094690262
1520144602.125939,-2.884,283.311,-0.0013194276049399308,0,0.0,0.07820118343195266,0.01104661094690262
1520144602.135082,-2.884,283.30899999999997,-0.001354334189979984,0,0.0,0.07820118343195266,0.01104661094690262
1520144602.145145,-2.874,283.308,-0.0013717874824995147,-0.019201183431952665,-1.9298985352183115e-05,0.07820118343195266,0.01104661094690262
1520144602.15663,-2.857,283.305,-0.0014241473600590986,-0.026201183431952664,-3.491992241478418e-05,0.07820118343195266,0.01104661094690262
1520144602.168975,-2.841,283.305,-0.0014241473600590986,-0.03020118343195266,-4.4378420491455235e-05,0.07820118343195266,0.01104661094690262
1520144602.185605,-2.831,283.305,-0.0014241473600590986,-0.027201183431952665,-7.338051896992433e-05,0.07820118343195266,0.01104661094690262
1520144602.1929,-2.824,283.306,-0.001406694067539568,-0.017201183431952663,-8.992679205637538e-06,0.07820118343195266,0.01104661094690262
1520144602.205023,-2.824,283.307,-0.0013892407750190452,0,0.0,0.07820118343195266,0.01104661094690262
1520144602.217049,-2.838,283.308,-0.0013717874824995147,0,0.0,0.07820118343195266,0.01104661094690262
1520144602.236357,-2.84,283.307,-0.0013892407750190452,0,0.0,0.07820118343195266,0.01104661094690262
1520144602.241334,-2.846,283.307,-0.0013892407750190452,0,0.0,0.07820118343195266,0.01104661094690262
1520144602.252509,-2.854,283.307,-0.0013892407750190452,0,0.0,0.07820118343195266,0.01104661094690262
1520144602.265161,-2.855,283.306,-0.001406694067539568,0,0.0,0.07820118343195266,0.01104661094690262
1520144602.285155,-2.854,283.306,-0.001406694067539568,0,0.0,0.07820118343195266,0.01104661094690262
1520144602.290103,-2.856,283.307,-0.0013892407750190452,0,0.0,0.07820118343195266,0.01104661094690262
1520144602.300551,-2.853,283.308,-0.0013717874824995147,0,0.0,0.07820118343195266,0.01104661094690262
1520144602.31295,-2.856,283.30899999999997,-0.001354334189979984,0,0.0,0.07820118343195266,0.01104661094690262
1520144602.324481,-2.85,283.308,-0.0013717874824995147,-0.01320118343195266,-1.7144952662269303e-05,0.07820118343195266,0.01104661094690262
1520144602.337608,-2.843,283.308,-0.0013717874824995147,-0.018201183431952664,-3.123398377889875e-05,0.07820118343195266,0.01104661094690262
1520144602.348432,-2.836,283.307,-0.0013892407750190452,-0.019201183431952665,-2.1978972634969932e-05,0.07820118343195266,0.01104661094690262
1520144602.360889,-2.831,283.305,-0.0014241473600590986,-0.019201183431952665,-2.8757781245660977e-05,0.07820118343195266,0.01104661094690262
1520144602.372545,-2.83,283.303,-0.0014590539450991518,-0.016201183431952662,-2.1815530547302004e-05,0.07820118343195266,0.01104661094690262
1520144602.393923,-2.833,283.304,-0.0014416006525796211,0,0.0,0.07820118343195266,0.01104661094690262
1520144602.398909,-2.835,283.303,-0.0014590539450991518,0,0.0,0.07820118343195266,0.01104661094690262
1520144602.408813,-2.839,283.303,-0.0014590539450991518,0,0.0,0.07820118343195266,0.01104661094690262
1520144602.420392,-2.841,283.30199999999996,-0.0014765072376196745,0,0.0,0.07820118343195266,0.01104661094690262
1520144602.432746,-2.843,283.30199999999996,-0.0014765072376196745,0,0.0,0.07820118343195266,0.01104661094690262
1520144602.44771,-2.842,283.301,-0.001493960530139205,0,0.0,0.07820118343195266,0.01104661094690262
1520144602.456787,-2.842,283.3,-0.0015114138226587357,0,0.0,0.07820118343195266,0.01104661094690262
1520144602.468311,-2.842,283.301,-0.001493960530139205,0,0.0,0.07820118343195266,0.01104661094690262
1520144602.480721,-2.841,283.30199999999996,-0.0014765072376196745,0,0.0,0.07820118343195266,0.01104661094690262
1520144602.501009,-2.843,283.301,-0.001493960530139205,0,0.0,0.07820118343195266,0.01104661094690262
1520144602.506098,-2.845,283.3,-0.0015114138226587357,0,0.0,0.07820118343195266,0.01104661094690262
1520144602.516292,-2.846,283.3,-0.0015114138226587357,-0.011201183431952658,-1.1449974202516036e-05,0.07820118343195266,0.01104661094690262
1520144602.528713,-2.846,283.3,-0.0015114138226587357,-0.01320118343195266,-1.9854781634704938e-05,0.07820118343195266,0.01104661094690262
1520144602.540361,-2.842,283.299,-0.0015288671151792582,-0.01320118343195266,-1.783383626485189e-05,0.07820118343195266,0.01104661094690262
1520144602.556515,-2.839,283.299,-0.0015288671151792582,-0.015201183431952661,-3.8755905368770416e-05,0.07820118343195266,0.01104661094690262
1520144602.564305,-2.834,283.3,-0.0015114138226587357,-0.012201183431952659,-7.080313040631271e-06,0.07820118343195266,0.01104661094690262
1520144602.577358,-2.834,283.3,-0.0015114138226587357,0,0.0,0.07820118343195266,0.01104661094690262
1520144602.588221,-2.83,283.3,-0.0015114138226587357,0,0.0,0.07820118343195266,0.01104661094690262
1520144602.607301,-2.831,283.299,-0.0015288671151792582,0,0.0,0.07820118343195266,0.01104661094690262
1520144602.612166,-2.83,283.299,-0.0015288671151792582,0,0.0,0.07820118343195266,0.01104661094690262
1520144602.625411,-2.834,283.299,-0.0015288671151792582,0,0.0,0.07820118343195266,0.01104661094690262
1520144602.636302,-2.835,283.299,-0.0015288671151792582,0,0.0,0.07820118343195266,0.01104661094690262
1520144602.657408,-2.834,283.299,-0.0015288671151792582,0,0.0,0.07820118343195266,0.01104661094690262
1520144602.662281,-2.833,283.299,-0.0015288671151792582,0,0.0,0.07820118343195266,0.01104661094690262
1520144602.672741,-2.829,283.3,-0.0015114138226587357,0,0.0,0.07820118343195266,0.01104661094690262
1520144602.684302,-2.829,283.3,-0.0015114138226587357,0,0.0,0.07820118343195266,0.01104661094690262
1520144602.704635,-2.827,283.3,-0.0015114138226587357,-0.011201183431952658,-1.7062180064236e-05,0.07820118343195266,0.01104661094690262
1520144602.7096,-2.826,283.299,-0.0015288671151792582,0,0.0,0.07820118343195266,0.01104661094690262
1520144602.720778,-2.828,283.299,-0.0015288671151792582,0,0.0,0.07820118343195266,0.01104661094690262
1520144602.732663,-2.822,283.298,-0.001546320407698789,-0.01320118343195266,-1.7091700391255968e-05,0.07820118343195266,0.01104661094690262
1520144602.744848,-2.827,283.298,-0.001546320407698789,-0.011201183431952658,-1.6776107864365335e-05,0.07820118343195266,0.01104661094690262
1520144602.764915,-2.818,283.298,-0.001546320407698789,-0.011201183431952658,-4.501066438732113e-05,0.07820118343195266,0.01104661094690262
1520144602.769907,-2.824,283.29699999999997,-0.0015637737002193116,0,0.0,0.07820118343195266,0.01104661094690262
1520144602.780054,-2.819,283.29699999999997,-0.0015637737002193116,-0.011201183431952658,-1.1313990639066844e-05,0.07820118343195266,0.01104661094690262
1520144602.792765,-2.822,283.29699999999997,-0.0015637737002193116,0,0.0,0.07820118343195266,0.01104661094690262
1520144602.812618,-2.821,283.29699999999997,-0.0015637737002193116,0,0.0,0.07820118343195266,0.01104661094690262
1520144602.817663,-2.825,283.29699999999997,-0.0015637737002193116,0,0.0,0.07820118343195266,0.01104661094690262
1520144602.828242,-2.822,283.296,-0.0015812269927388421,0,0.0,0.07820118343195266,0.01104661094690262
1520144602.840585,-2.819,283.296,-0.0015812269927388421,0,0.0,0.07820118343195266,0.01104661094690262
1520144602.852231,-2.815,283.296,-0.0015812269927388421,0,0.0,0.07820118343195266,0.01104661094690262
1520144602.867614,-2.813,283.295,-0.0015986802852583728,0,0.0,0.07820118343195266,0.01104661094690262
1520144602.876226,-2.81,283.296,-0.0015812269927388421,-0.011201183431952658,-7.974489791928207e-06,0.07820118343195266,0.01104661094690262
1520144602.888567,-2.812,283.296,-0.0015812269927388421,0,0.0,0.07820118343195266,0.01104661094690262
1520144602.900115,-2.814,283.29699999999997,-0.0015637737002193116,-0.012201183431952659,-1.6208784316111614e-05,0.07820118343195266,0.01104661094690262
1520144602.921118,-2.815,283.296,-0.0015812269927388421,-0.011201183431952658,-1.6518783284514537e-05,0.07820118343195266,0.01104661094690262
1520144602.926198,-2.817,283.295,-0.0015986802852583728,-0.011201183431952658,-2.063913081631112e-05,0.07820118343195266,0.01104661094690262
1520144602.936568,-2.82,283.294,-0.0016161335777788953,-0.012201183431952659,-1.2782286947014619e-05,0.07820118343195266,0.01104661094690262
1520144602.94811,-2.818,283.294,-0.0016161335777788953,0,0.0,0.07820118343195266,0.01104661094690262
1520144602.960608,-2.822,283.295,-0.0015986802852583728,0,0.0,0.07820118343195266,0.01104661094690262
1520144602.976782,-2.82,283.295,-0.0015986802852583728,0,0.0,0.07820118343195266,0.01104661094690262
1520144602.984588,-2.818,283.296,-0.0015812269927388421,0,0.0,0.07820118343195266,0.01104661094690262
1520144602.99649,-2.813,283.295,-0.0015986802852583728,0,0.0,0.07820118343195266,0.01104661094690262
1520144603.008552,-2.809,283.295,-0.0015986802852583728,0,0.0,0.07820118343195266,0.01104661094690262
1520144603.027179,-2.803,283.295,-0.0015986802852583728,0,0.0,0.07820118343195266,0.01104661094690262
1520144603.032616,-2.802,283.295,-0.0015986802852583728,-0.011201183431952658,-3.094737742553962e-06,0.07820118343195266,0.01104661094690262
1520144603.044268,-2.801,283.296,-0.0015812269927388421,-0.011201183431952658,-1.4405529471195495e-05,0.07820118343195266,0.01104661094690262
1520144603.056564,-2.8,283.29699999999997,-0.0015637737002193116,-0.01420118343195266,-2.1628611282770753e-05,0.07820118343195266,0.01104661094690262
1520144603.07656,-2.802,283.296,-0.0015812269927388421,-0.01420118343195266,-5.626598282462272e-05,0.07820118343195266,0.01104661094690262
1520144603.08158,-2.801,283.296,-0.0015812269927388421,-0.01420118343195266,-3.502287045225198e-06,0.07820118343195266,0.01104661094690262
1520144603.091991,-2.8,283.29699999999997,-0.0015637737002193116,0,0.0,0.07820118343195266,0.01104661094690262
1520144603.104747,-2.798,283.298,-0.001546320407698789,0,0.0,0.07820118343195266,0.01104661094690262
1520144603.116085,-2.805,283.298,-0.001546320407698789,0,0.0,0.07820118343195266,0.01104661094690262
1520144603.132312,-2.812,283.298,-0.001546320407698789,0,0.0,0.07820118343195266,0.01104661094690262
1520144603.139994,-2.82,283.298,-0.001546320407698789,0,0.0,0.07820118343195266,0.01104661094690262
1520144603.153008,-2.827,283.296,-0.0015812269927388421,0,0.0,0.07820118343195266,0.01104661094690262
1520144603.164087,-2.826,283.296,-0.0015812269927388421,0,0.0,0.07820118343195266,0.01104661094690262
1520144603.183071,-2.838,283.29699999999997,-0.0015637737002193116,-0.011201183431952658,-3.951698024030851e-05,0.07820118343195266,0.01104661094690262
1520144603.188073,-2.817,283.29699999999997,-0.0015637737002193116,-0.01420118343195266,-3.6342112490356545e-06,0.07820118343195266,0.01104661094690262
1520144603.200837,-2.831,283.296,-0.0015812269927388421,-0.011201183431952658,-1.6199766387318443e-05,0.07820118343195266,0.01104661094690262
1520144603.211984,-2.807,283.296,-0.0015812269927388421,-0.01320118343195266,-1.775147605093732e-05,0.07820118343195266,0.01104661094690262
1520144603.233149,-2.818,283.296,-0.0015812269927388421,0,0.0,0.07820118343195266,0.01104661094690262
1520144603.238117,-2.798,283.296,-0.0015812269927388421,0,6.185249413217129e-09,0.07820118343195266,0.01104661094690262
1520144603.248387,-2.803,283.29699999999997,-0.0015637737002193116,0,0.0,0.07820118343195266,0.01104661094690262
1520144603.260002,-2.792,283.295,-0.0015986802852583728,0,0.0,0.07820118343195266,0.01104661094690262
1520144603.28115,-2.798,283.296,-0.0015812269927388421,0,0.0,0.07820118343195266,0.01104661094690262
1520144603.286176,-2.8,283.296,-0.0015812269927388421,0,0.0,0.07820118343195266,0.01104661094690262
1520144603.296509,-2.808,283.296,-0.0015812269927388421,0,0.0,0.07820118343195266,0.01104661094690262
1520144603.307874,-2.81,283.296,-0.0015812269927388421,0,0.0,0.07820118343195266,0.01104661094690262
1520144603.3204,-2.81,283.295,-0.0015986802852583728,0,0.0,0.07820118343195266,0.01104661094690262
1520144603.336781,-2.81,283.295,-0.0015986802852583728,0,0.0,0.07820118343195266,0.01104661094690262
1520144603.344437,-2.807,283.295,-0.0015986802852583728,0,0.0,0.07820118343195266,0.01104661094690262
1520144603.356391,-2.803,283.293,-0.001633586870298426,0,0.0,0.07820118343195266,0.01104661094690262
1520144603.368209,-2.797,283.292,-0.0016510401628189487,-0.011201183431952658,-1.6543202748899288e-05,0.07820118343195266,0.01104661094690262
1520144603.388902,-2.792,283.291,-0.0016684934553384792,-0.011201183431952658,-4.735757917627907e-05,0.07820118343195266,0.01104661094690262
1520144603.394076,-2.788,283.28999999999996,-0.001685946747859002,-0.01420118343195266,-3.478346079133892e-06,0.07820118343195266,0.01104661094690262
1520144603.403686,-2.783,283.28999999999996,-0.001685946747859002,-0.011201183431952658,-1.0480326115414871e-05,0.07820118343195266,0.01104661094690262
1520144603.416309,-2.786,283.28999999999996,-0.001685946747859002,-0.012201183431952659,-1.8516500519126755e-05,0.07820118343195266,0.01104661094690262
1520144603.43497,-2.789,283.28999999999996,-0.001685946747859002,0,0.0,0.07820118343195266,0.01104661094690262
1520144603.440461,-2.793,283.291,-0.0016684934553384792,0,0.0,0.07820118343195266,0.01104661094690262
1520144603.451793,-2.799,283.291,-0.0016684934553384792,0,0.0,0.07820118343195266,0.01104661094690262
1520144603.464757,-2.801,283.291,-0.0016684934553384792,0,0.0,0.07820118343195266,0.01104661094690262
1520144603.475852,-2.8,283.291,-0.0016684934553384792,0,0.0,0.07820118343195266,0.01104661094690262
1520144603.497118,-2.801,283.291,-0.0016684934553384792,-0.011201183431952658,-4.952580912168381e-05,0.07820118343195266,0.01104661094690262
1520144603.501985,-2.799,283.292,-0.0016510401628189487,0,0.0,0.07820118343195266,0.01104661094690262
1520144603.512364,-2.8,283.292,-0.0016510401628189487,0,0.0,0.07820118343195266,0.01104661094690262
1520144603.523866,-2.802,283.293,-0.001633586870298426,-0.011201183431952658,-1.4635613126963952e-05,0.07820118343195266,0.01104661094690262
1520144603.544884,-2.8,283.292,-0.0016510401628189487,0,0.0,0.07820118343195266,0.01104661094690262
1520144603.54986,-2.798,283.292,-0.0016510401628189487,0,0.0,0.07820118343195266,0.01104661094690262
1520144603.560214,-2.794,283.292,-0.0016510401628189487,0,0.0,0.07820118343195266,0.01104661094690262
1520144603.571779,-2.795,283.292,-0.0016510401628189487,0,0.0,0.07820118343195266,0.01104661094690262
1520144603.584243,-2.799,283.292,-0.0016510401628189487,0,0.0,0.07820118343195266,0.01104661094690262
1520144603.597681,-2.802,283.291,-0.0016684934553384792,0,0.0,0.07820118343195266,0.01104661094690262
1520144603.608246,-2.805,283.291,-0.0016684934553384792,0,0.0,0.07820118343195266,0.01104661094690262
1520144603.619747,-2.805,283.292,-0.0016510401628189487,0,0.0,0.07820118343195266,0.01104661094690262
1520144603.632177,-2.807,283.291,-0.0016684934553384792,-0.011201183431952658,-1.669979673800083e-05,0.07820118343195266,0.01104661094690262
1520144603.652313,-2.804,283.291,-0.0016684934553384792,0,0.0,0.07820118343195266,0.01104661094690262
1520144603.657436,-2.799,283.291,-0.0016684934553384792,0,0.0,0.07820118343195266,0.01104661094690262
1520144603.667573,-2.797,283.291,-0.0016684934553384792,0,0.0,0.07820118343195266,0.01104661094690262
1520144603.680221,-2.795,283.292,-0.0016510401628189487,0,0.0,0.07820118343195266,0.01104661094690262
1520144603.691751,-2.79,283.293,-0.001633586870298426,0,0.0,0.07820118343195266,0.01104661094690262
1520144603.707771,-2.787,283.294,-0.0016161335777788953,0,0.0,0.07820118343195266,0.01104661094690262
1520144603.715782,-2.793,283.295,-0.0015986802852583728,-0.011201183431952658,-6.832186836424084e-06,0.07820118343195266,0.01104661094690262
1520144603.728716,-2.779,283.296,-0.0015812269927388421,0,0.0,0.07820118343195266,0.01104661094690262
1520144603.739515,-2.827,283.29699999999997,-0.0015637737002193116,-0.012201183431952659,-1.4316148506111103e-05,0.07820118343195266,0.01104661094690262
1520144603.75767,-2.808,283.3,-0.0015114138226587357,0,-3.715706729067841e-07,0.07820118343195266,0.01104661094690262
1520144603.763565,-2.574,283.315,-0.0012496144348598244,0,0.0,0.07820118343195266,0.01104661094690262
1520144603.776125,-2.188,283.383,-6.279054350396591e-05,-0.03220118343195266,-4.830044545616208e-05,0.07820118343195266,0.01104661094690262
1520144603.787591,-1.848,283.407,0.00035608847697468903,-0.025201183431952663,-3.3635751576234786e-05,0.07820118343195266,0.01104661094690262
1520144603.800135,-1.844,283.409,0.0003909950620147423,0,-3.64587232485107e-08,0.07820118343195266,0.01104661094690262
1520144603.813896,-1.899,283.453,0.0011589399328919457,0.027798816568047335,5.141391839811488e-05,0.07820118343195266,0.01104661094690262
1520144603.824115,-1.944,283.538,0.002642469797087761,0.03479881656804734,3.4722302159960136e-05,0.07820118343195266,0.01104661094690262
1520144603.835641,-1.976,283.591,0.003567494300644708,-0.04320118343195266,-5.6986979262379505e-05,0.07820118343195266,0.01104661094690262
1520144603.848161,-1.971,283.639,0.004405252341602018,-0.04020118343195266,-6.175951425313022e-05,0.07820118343195266,0.01104661094690262
1520144603.864646,-1.97,283.686,0.005225557090038805,-0.02020118343195266,-5.2470193468755655e-05,0.07820118343195266,0.01104661094690262
1520144603.871945,-2.013,283.71,0.00564443611051746,-0.042201183431952664,-2.3113456349730168e-05,0.07820118343195266,0.01104661094690262
1520144603.884235,-2.069,283.702,0.005504809770358239,-0.024201183431952662,-3.2710969324014586e-05,0.07820118343195266,0.01104661094690262
1520144603.896206,-2.088,283.657,0.004719411606960513,-0.02220118343195266,-3.330448671865851e-05,0.07820118343195266,0.01104661094690262
1520144603.915284,-2.064,283.584,0.0034453212530050174,-0.02920118343195266,-0.00010532135232587009,0.07820118343195266,0.01104661094690262
1520144603.920299,-2.042,283.524,0.00239812370180838,-0.05420118343195266,-1.3237583506719255e-05,0.07820118343195266,0.01104661094690262
1520144603.931615,-2.116,283.447,0.001054220177772778,-0.03920118343195266,-5.0203679880259046e-05,0.07820118343195266,0.01104661094690262
1520144603.944,-2.223,283.358,-0.0004991228565021515,-0.050201183431952665,-7.30615608216892e-05,0.07820118343195266,0.01104661094690262
1520144603.964162,-2.348,283.267,-0.002087372475817134,-0.03720118343195266,-4.882622496849422e-05,0.07820118343195266,0.01104661094690262
1520144603.969242,-2.488,283.15,-0.004129407700650825,-0.027201183431952665,-5.0347078522924976e-05,0.07820118343195266,0.01104661094690262
1520144603.979516,-2.601,283.022,-0.006363429143203321,-0.05820118343195266,-6.127127274689048e-05,0.07820118343195266,0.01104661094690262
1520144603.991887,-2.591,282.899,-0.00851018412315618,-0.05620118343195266,-8.273400285987448e-05,0.07820118343195266,0.01104661094690262
1520144604.003462,-2.606,282.77299999999997,-0.010709298980669614,-0.03220118343195266,-4.2959823117484863e-05,0.07820118343195266,0.01104661094690262
1520144604.017606,-2.669,282.659,-0.012698974327942729,-0.05820118343195266,-0.00011495792204790362,0.07820118343195266,0.01104661094690262
1520144604.027849,-2.693,282.553,-0.014549023335056623,-0.03820118343195266,-3.7298416780456766e-05,0.07820118343195266,0.01104661094690262
1520144604.03988,-2.659,282.45,-0.016346712464610932,-0.015201183431952661,-2.2251172929134975e-05,0.07820118343195266,0.01104661094690262
1520144604.051553,-2.673,282.37399999999997,-0.017673162696127006,0,0.0,0.07820118343195266,0.01104661094690262
1520144604.072727,-2.731,282.275,-0.019401038655601208,0,-1.2241251682975352e-06,0.07820118343195266,0.01104661094690262
1520144604.077782,-2.77,282.127,-0.021984125948552254,0.07679881656804734,0.00014330129697145454,0.07820118343195266,0.01104661094690262
1520144604.08789,-2.727,281.98199999999997,-0.024514853363944704,0.024798816568047333,2.472368789920684e-05,0.07820118343195266,0.01104661094690262
1520144604.099358,-2.703,281.875,-0.02638235566357813,0,7.765383959877966e-07,0.07820118343195266,0.01104661094690262
1520144604.111959,-2.627,281.762,-0.028354577718331716,-0.03820118343195266,-5.741457976537156e-05,0.07820118343195266,0.01104661094690262
1520144604.12771,-2.485,281.654,-0.03023953331048566,-0.034201183431952664,-7.796876344054836e-05,0.07820118343195266,0.01104661094690262
1520144604.136011,-2.388,281.551,-0.032037222440039974,-0.041201183431952663,-2.613824098048022e-05,0.07820118343195266,0.01104661094690262
1520144604.147489,-2.353,281.462,-0.0335905654743149,0,1.6312231667571735e-06,0.07820118343195266,0.01104661094690262
1520144604.159895,-2.369,281.394,-0.03477738936567076,-0.06520118343195266,-9.526132829518552e-05,0.07820118343195266,0.01104661094690262
1520144604.180046,-2.455,281.34,-0.03571986716174823,-0.02320118343195266,-3.052266046809564e-05,0.07820118343195266,0.01104661094690262
1520144604.185213,-2.578,281.279,-0.036784518005464395,0.04979881656804734,8.823488541591379e-05,0.07820118343195266,0.01104661094690262
1520144604.195522,-2.615,281.21799999999996,-0.03784916884918156,-0.08620118343195265,-8.993301117043426e-05,0.07820118343195266,0.01104661094690262
1520144604.207876,-2.667,281.114,-0.0396643112712554,0.06779881656804733,9.94283963842516e-05,0.07820118343195266,0.01104661094690262
1520144604.21939,-2.69,281.01599999999996,-0.04137473393821007,0.043798816568047336,5.667960205785696e-05,0.07820118343195266,0.01104661094690262
1520144604.235698,-2.746,280.925,-0.042962983557524065,0.04079881656804733,0.00010224457217261297,0.07820118343195266,0.01104661094690262
1520144604.243401,-2.722,280.82,-0.04479557927211843,0.01879881656804734,1.1211672812900494e-05,0.07820118343195266,0.01104661094690262
1520144604.256168,-2.667,280.73199999999997,-0.046331469013873826,0.10779881656804734,0.00016622622264033543,0.07820118343195266,0.01104661094690262
1520144604.267352,-2.671,280.671,-0.04739611985758999,0,0.0,0.07820118343195266,0.01104661094690262
1520144604.286246,-2.566,280.623,-0.0482338778985473,0.030798816568047338,0.00011977153763622428,0.07820118343195266,0.01104661094690262
1520144604.291214,-2.539,280.591,-0.04879238325918518,0.04479881656804734,1.1484426634423035e-05,0.07820118343195266,0.01104661094690262
1520144604.304231,-2.519,280.567,-0.04921126227966383,0.06479881656804733,9.970665303591123e-05,0.07820118343195266,0.01104661094690262
1520144604.315445,-2.532,280.553,-0.049455608374943213,0.04479881656804734,6.122399823282879e-05,0.07820118343195266,0.01104661094690262
1520144604.336467,-2.539,280.534,-0.04978722093282223,0.037798816568047344,0.00016567955320967342,0.07820118343195266,0.01104661094690262
1520144604.341423,-2.532,280.527,-0.04990939398046192,0.01779881656804734,4.9617190822831985e-06,0.07820118343195266,0.01104661094690262
1520144604.351706,-2.546,280.52299999999997,-0.04997920715054203,0.014798816568047338,1.6462256605561543e-05,0.07820118343195266,0.01104661094690262
1520144604.363381,-2.577,280.49,-0.05055516580369943,0.038798816568047345,5.255399685144887e-05,0.07820118343195266,0.01104661094690262
1520144604.384566,-2.593,280.466,-0.05097404482417809,0,0.0,0.07820118343195266,0.01104661094690262
1520144604.389485,-2.555,280.45599999999996,-0.05114857774937836,0.043798816568047336,8.672560035942566e-05,0.07820118343195266,0.01104661094690262
1520144604.399806,-2.539,280.45799999999997,-0.051113671164338306,0.08879881656804735,9.04072501810129e-05,0.07820118343195266,0.01104661094690262
1520144604.411279,-2.461,280.457,-0.051131124456857836,-0.025201183431952663,-3.303347403067024e-05,0.07820118343195266,0.01104661094690262
1520144604.423885,-2.369,280.441,-0.05141037713717727,0.08879881656804735,0.00013832040605949814,0.07820118343195266,0.01104661094690262
1520144604.437673,-2.414,280.459,-0.051096217871817784,0.1267988165680473,0.00024115860883222576,0.07820118343195266,0.01104661094690262
1520144604.447794,-2.485,280.464,-0.05100895140921814,-0.20520118343195265,-0.00020468405315204197,0.07820118343195266,0.01104661094690262
1520144604.45926,-2.397,280.444,-0.051358017259616695,-0.03020118343195266,-3.7636472025855574e-05,0.07820118343195266,0.01104661094690262
1520144604.471628,-2.43,280.45799999999997,-0.051113671164338306,-0.03120118343195266,-4.5819517120917975e-05,0.07820118343195266,0.01104661094690262
1520144604.491752,-2.454,280.491,-0.0505377125111799,-0.019201183431952665,-2.5365978077923776e-05,0.07820118343195266,0.01104661094690262
1520144604.496854,-2.422,280.537,-0.04973486105526265,0.08979881656804735,0.00016520202900194674,0.07820118343195266,0.01104661094690262
1520144604.507278,-2.548,280.55199999999996,-0.049473061667463736,-0.02320118343195266,-2.954405151711377e-05,0.07820118343195266,0.01104661094690262
1520144604.519739,-2.423,280.55199999999996,-0.049473061667463736,0.15679881656804734,0.0002372056059474997,0.07820118343195266,0.01104661094690262
1520144604.531196,-2.151,280.567,-0.04921126227966383,0.22279881656804734,0.0003036320685476177,0.07820118343195266,0.01104661094690262
1520144604.547285,-2.101,280.57099999999997,-0.04914144910958472,0.17679881656804736,0.00045565644281856207,0.07820118343195266,0.01104661094690262
1520144604.55528,-2.16,280.585,-0.04889710301430534,-0.08820118343195266,-5.480677276881198e-05,0.07820118343195266,0.01104661094690262
1520144604.568015,-2.12,280.59299999999996,-0.048757476674146115,0,3.910395998573553e-06,0.07820118343195266,0.01104661094690262
1520144604.579245,-2.183,280.63,-0.04811170485090761,0.04979881656804734,6.240603273106784e-05,0.07820118343195266,0.01104661094690262
1520144604.597765,-2.269,280.666,-0.04748338632018963,-0.024201183431952662,-8.440448382918699e-05,0.07820118343195266,0.01104661094690262
1520144604.60322,-2.326,280.699,-0.04690742766703123,0,0.0,0.07820118343195266,0.01104661094690262
1520144604.616143,-2.293,280.728,-0.04640128218395294,0,2.4191979104528267e-06,0.07820118343195266,0.01104661094690262
1520144604.627199,-2.317,280.755,-0.0459300432859147,-0.05420118343195266,-7.312093728577167e-05,0.07820118343195266,0.01104661094690262
1520144604.647141,-2.292,280.793,-0.04526681817015667,-0.04520118343195266,-0.00017402903045413043,0.07820118343195266,0.01104661094690262
1520144604.653147,-2.261,280.811,-0.044952658904798166,0.03279881656804734,1.2139509037748568e-05,0.07820118343195266,0.01104661094690262
1520144604.663669,-2.235,280.823,-0.044743219394558845,-0.03220118343195266,-3.356091566368281e-05,0.07820118343195266,0.01104661094690262
1520144604.67525,-2.138,280.796,-0.04521445829259708,0,2.670908770648539e-06,0.07820118343195266,0.01104661094690262
1520144604.687541,-2.096,280.752,-0.04598240316347428,-0.03820118343195266,-5.6932670968598326e-05,0.07820118343195266,0.01104661094690262
1520144604.70394,-2.052,280.71299999999997,-0.04666308157175284,-0.02220118343195266,-5.5664991745867776e-05,0.07820118343195266,0.01104661094690262
1520144604.711679,-2.011,280.691,-0.04704705400719145,-0.05820118343195266,-3.4082136212184066e-05,0.07820118343195266,0.01104661094690262
1520144604.723643,-1.986,280.675,-0.04732630668750989,-0.016201183431952662,-2.0436665679172133e-05,0.07820118343195266,0.01104661094690262
1520144604.735673,-2.019,280.667,-0.0474659330276701,-0.03220118343195266,-4.884317553552936e-05,0.07820118343195266,0.01104661094690262
1520144604.754457,-2.025,280.666,-0.04748338632018963,-0.042201183431952664,-0.00014718595823455662,0.07820118343195266,0.01104661094690262
1520144604.759469,-2.024,280.668,-0.047448479735149575,-0.03820118343195266,-9.130953373788693e-06,0.07820118343195266,0.01104661094690262
1520144604.770998,-2.01,280.67199999999997,-0.04737866656507046,-0.06520118343195266,-8.460107304172066e-05,0.07820118343195266,0.01104661094690262
1520144604.78356,-2.076,280.676,-0.04730885339499036,-0.09520118343195266,-0.0001454732902979208,0.07820118343195266,0.01104661094690262
1520144604.803635,-2.124,280.687,-0.04711686717727056,-0.08320118343195267,-0.00033090215484241677,0.07820118343195266,0.01104661094690262
1520144604.808793,-2.174,280.69,-0.04706450729971098,-0.07120118343195266,-1.7907387428998988e-05,0.07820118343195266,0.01104661094690262
1520144604.818972,-2.222,280.691,-0.04704705400719145,-0.050201183431952665,-5.1703417243190075e-05,0.07820118343195266,0.01104661094690262
1520144604.831563,-2.241,280.692,-0.047029600714670924,-0.04520118343195266,-6.871078026282122e-05,0.07820118343195266,0.01104661094690262
1520144604.843085,-2.272,280.69599999999997,-0.046959787544591805,-0.024201183431952662,-3.204256497539863e-05,0.07820118343195266,0.01104661094690262
1520144604.857702,-2.319,280.69599999999997,-0.046959787544591805,-0.07120118343195266,-0.00015017035287951134,0.07820118343195266,0.01104661094690262
1520144604.867097,-2.344,280.633,-0.04805934497334803,-0.09320118343195266,-8.115370786757841e-05,0.07820118343195266,0.01104661094690262
1520144604.880508,-2.271,280.541,-0.04966504788518254,-0.03020118343195266,-4.756971297029178e-05,0.07820118343195266,0.01104661094690262
1520144604.890953,-2.255,280.477,-0.050782058606459284,-0.06920118343195267,-7.330901473444389e-05,0.07820118343195266,0.01104661094690262
1520144604.91204,-2.252,280.436,-0.051497643599776904,-0.11620118343195265,-0.00016799659401428238,0.07820118343195266,0.01104661094690262
1520144604.917003,-2.297,280.41499999999996,-0.05186416274269598,-0.06620118343195266,-0.00011975589666278369,0.07820118343195266,0.01104661094690262
1520144604.927509,-2.356,280.39799999999997,-0.05216086871553494,-0.08720118343195266,-9.177823603051951e-05,0.07820118343195266,0.01104661094690262
1520144604.938958,-2.387,280.368,-0.052684467491132765,-0.08120118343195266,-0.00010620989673572848,0.07820118343195266,0.01104661094690262
1520144604.951459,-2.4,280.325,-0.05343495906949044,-0.07620118343195266,-0.00011633930565420205,0.07820118343195266,0.01104661094690262
1520144604.967718,-2.385,280.272,-0.05435998357304738,-0.07520118343195266,-0.00019396730723540348,0.07820118343195266,0.01104661094690262
1520144604.975653,-2.392,280.22499999999997,-0.055180288321485166,-0.08820118343195266,-5.146371747502058e-05,0.07820118343195266,0.01104661094690262
1520144604.987398,-2.516,280.18399999999997,-0.05589587331480278,-0.02920118343195266,-4.325142024313993e-05,0.07820118343195266,0.01104661094690262
1520144604.999466,-2.585,280.123,-0.05696052415851895,0,-4.242437732767619e-06,0.07820118343195266,0.01104661094690262
1520144605.017809,-2.668,280.045,-0.058321880975074084,-0.06020118343195266,-0.00021120055780769,0.07820118343195266,0.01104661094690262
1520144605.023486,-2.8,279.965,-0.05971814437667026,-0.02920118343195266,-9.951026311809692e-06,0.07820118343195266,0.01104661094690262
1520144605.034948,-2.854,279.844,-0.06182999277158307,-0.07720118343195266,-0.00010144646193714278,0.07820118343195266,0.01104661094690262
1520144605.047473,-2.85,279.726,-0.06388948128893629,-0.03220118343195266,-4.935956973516866e-05,0.07820118343195266,0.01104661094690262
1520144605.066352,-2.938,279.601,-0.0660711428539292,-0.05620118343195266,-7.925119609798322e-05,0.07820118343195266,0.01104661094690262
1520144605.072812,-2.921,279.438,-0.06891602953468015,0.038798816568047345,6.302329196484593e-05,0.07820118343195266,0.01104661094690262
1520144605.082839,-2.744,279.274,-0.07177836950795062,0.03579881656804734,3.771177983090409e-05,0.07820118343195266,0.01104661094690262
1520144605.095604,-2.673,279.134,-0.07422183046074245,-0.08320118343195267,-0.00012890533184494756,0.07820118343195266,0.01104661094690262
1520144605.106866,-2.458,278.983,-0.07685727763125406,0.029798816568047337,4.9132927663273885e-05,0.07820118343195266,0.01104661094690262
1520144605.123372,-2.545,278.89,-0.07848043383560911,0,-1.1764935686568207e-05,0.07820118343195266,0.01104661094690262
1520144605.130871,-2.471,278.76,-0.08074936186320165,0.07879881656804734,4.483320022426629e-05,0.07820118343195266,0.01104661094690262
1520144605.143676,-2.529,278.66499999999996,-0.08240742465259675,-0.02320118343195266,-3.844822948253711e-05,0.07820118343195266,0.01104661094690262
1520144605.155004,-2.481,278.54699999999997,-0.08446691316994996,0.06679881656804733,8.739919231636565e-05,0.07820118343195266,0.01104661094690262
1520144605.174177,-2.371,278.457,-0.08603770949674443,0.10279881656804733,0.0003923390473332599,0.07820118343195266,0.01104661094690262
1520144605.179094,-2.406,278.406,-0.08692782741526132,0.06479881656804733,1.631028146930433e-05,0.07820118343195266,0.01104661094690262
1520144605.191855,-2.417,278.353,-0.08785285191881827,0.08379881656804734,0.00012104507204881105,0.07820118343195266,0.01104661094690262
1520144605.202706,-2.377,278.29699999999997,-0.08883023629993579,0.05079881656804734,6.791931129207728e-05,0.07820118343195266,0.01104661094690262
1520144605.224211,-2.446,278.263,-0.08942364824561372,0.06279881656804732,0.00027132920185838873,0.07820118343195266,0.01104661094690262
1520144605.229388,-2.468,278.212,-0.09031376616413062,0.042798816568047335,1.0329461548376001e-05,0.07820118343195266,0.01104661094690262
1520144605.23916,-2.355,278.17699999999996,-0.09092463140232906,-0.017201183431952663,-9.569294711055957e-06,0.07820118343195266,0.01104661094690262
1520144605.25075,-2.424,278.18399999999997,-0.09080245835468938,0.07079881656804733,9.360463957559644e-05,0.07820118343195266,0.01104661094690262
1520144605.271912,-2.428,278.171,-0.09102935115744823,0.01779881656804734,2.6254905171968612e-05,0.07820118343195266,0.01104661094690262
1520144605.276929,-2.35,278.15,-0.0913958703003673,0,3.367646605010982e-06,0.07820118343195266,0.01104661094690262
1520144605.287348,-2.244,278.137,-0.09162276310312616,-0.02820118343195266,-2.4443638400426987e-05,0.07820118343195266,0.01104661094690262
1520144605.298738,-2.19,278.151,-0.09137841700784678,-0.03120118343195266,-3.5439795827522945e-05,0.07820118343195266,0.01104661094690262
1520144605.311226,-2.192,278.18899999999996,-0.09071519189208974,-0.02220118343195266,-3.327415326481022e-05,0.07820118343195266,0.01104661094690262
1520144605.327634,-2.205,278.233,-0.08994724702121154,-0.03820118343195266,-9.978710810593505e-05,0.07820118343195266,0.01104661094690262
1520144605.335251,-2.214,278.267,-0.08935383507553361,-0.04320118343195266,-2.3769097056190385e-05,0.07820118343195266,0.01104661094690262
1520144605.347236,-2.154,278.294,-0.08888259617749537,-0.12020118343195266,-0.0001574375173279632,0.07820118343195266,0.01104661094690262
1520144605.359232,-2.141,278.33099999999996,-0.08823682435425786,-0.05320118343195266,-7.769695731752081e-05,0.07820118343195266,0.01104661094690262
1520144605.377785,-2.134,278.363,-0.087678318993619,-0.08920118343195266,-0.0002965986983641747,0.07820118343195266,0.01104661094690262
1520144605.383127,-2.113,278.366,-0.0876259591160594,-0.08520118343195267,-2.2503875869447595e-05,0.07820118343195266,0.01104661094690262
1520144605.394844,-2.062,278.342,-0.08804483813653806,-0.06520118343195266,-8.276555395916506e-05,0.07820118343195266,0.01104661094690262
1520144605.407206,-2.024,278.299,-0.08879532971489573,-0.07420118343195266,-0.00010616445403712884,0.07820118343195266,0.01104661094690262
1520144605.42611,-1.98,278.236,-0.08989488714365196,-0.05620118343195266,-6.652964565404031e-05,0.07820118343195266,0.01104661094690262
1520144605.432488,-1.988,278.15,-0.0913958703003673,-0.06120118343195266,-0.00010879700210019202,0.07820118343195266,0.01104661094690262
1520144605.442719,-1.996,278.043,-0.09326337260000073,-0.07720118343195266,-7.439333290998334e-05,0.07820118343195266,0.01104661094690262
1520144605.455187,-2.016,277.905,-0.09567192696775349,-0.07620118343195266,-0.00010756326283008353,0.07820118343195266,0.01104661094690262
1520144605.466647,-2.06,277.738,-0.09858662681858354,-0.08220118343195267,-0.00010535413998807005,0.07820118343195266,0.01104661094690262
1520144605.483064,-2.121,277.54699999999997,-0.10192020568989327,-0.09520118343195266,-0.0002495171914139122,0.07820118343195266,0.01104661094690262
1520144605.490628,-2.162,277.332,-0.10567266358168063,-0.10120118343195267,-5.651387374602514e-05,0.07820118343195266,0.01104661094690262
1520144605.503454,-2.159,277.099,-0.1097392807388275,-0.09220118343195266,-0.0001449610754550901,0.07820118343195266,0.01104661094690262
1520144605.514846,-2.133,276.858,-0.11394552423613358,-0.09320118343195266,-0.00011474683969661336,0.07820118343195266,0.01104661094690262
1520144605.53374,-2.134,276.603,-0.11839611382871904,-0.09420118343195266,-0.0003303658441034495,0.07820118343195266,0.01104661094690262
1520144605.538827,-2.092,276.34499999999997,-0.12289906329886507,-0.09720118343195266,-2.385861006130807e-05,0.07820118343195266,0.01104661094690262
1520144605.551507,-2.022,276.078,-0.12755909240168986,-0.12220118343195266,-0.00017530526361702906,0.07820118343195266,0.01104661094690262
1520144605.562558,-1.963,275.79699999999997,-0.13246346759979402,-0.12220118343195266,-0.00016570351650833747,0.07820118343195266,0.01104661094690262
1520144605.584572,-1.814,275.527,-0.1371758565801784,-0.06020118343195266,-0.0002632579359863664,0.07820118343195266,0.01104661094690262
1520144605.589494,-1.67,275.28999999999996,-0.14131228690740535,-0.04820118343195266,-1.4485576693005091e-05,0.07820118343195266,0.01104661094690262
1520144605.599024,-1.534,275.08,-0.1449774783365931,0,6.228522859989921e-06,0.07820118343195266,0.01104661094690262
1520144605.610628,-1.581,274.925,-0.14768273867718384,-0.08620118343195265,-0.00011424520509627933,0.07820118343195266,0.01104661094690262
1520144605.631606,-1.586,274.77799999999996,-0.15024837267761634,-0.05420118343195266,-7.644584409244249e-05,0.07820118343195266,0.01104661094690262
1520144605.636611,-1.63,274.639,-0.15267438033788763,-0.07620118343195266,-0.00013738220518372723,0.07820118343195266,0.01104661094690262
1520144605.647062,-1.655,274.509,-0.1549433083654802,-0.06520118343195266,-6.776262063113392e-05,0.07820118343195266,0.01104661094690262
1520144605.658638,-1.693,274.39,-0.15702025017535393,-0.07620118343195266,-9.993172185655687e-05,0.07820118343195266,0.01104661094690262
1520144605.671129,-1.757,274.28499999999997,-0.1588528458899483,-0.07420118343195266,-0.00011371966836972191,0.07820118343195266,0.01104661094690262
1520144605.687291,-1.806,274.219,-0.1600047631962641,-0.07520118343195266,-0.00018953104197959414,0.07820118343195266,0.01104661094690262
1520144605.695064,-1.904,274.17699999999996,-0.16073780148210223,-0.09220118343195266,-5.458214863948113e-05,0.07820118343195266,0.01104661094690262
1520144605.707088,-1.97,274.13599999999997,-0.16145338647541987,-0.09920118343195267,-0.00013825362464219422,0.07820118343195266,0.01104661094690262
1520144605.718874,-1.989,274.10699999999997,-0.16195953195849816,-0.11120118343195266,-0.0001651997850656117,0.07820118343195266,0.01104661094690262
1520144605.737626,-1.928,274.08,-0.1624307708565364,-0.08220118343195267,-0.00029009093702718036,0.07820118343195266,0.01104661094690262
1520144605.743053,-1.83,274.078,-0.16246567744157644,-0.05720118343195266,-1.4899796660876452e-05,0.07820118343195266,0.01104661094690262
1520144605.754809,-1.786,274.099,-0.16209915829865737,-0.08020118343195266,-0.00010298718627124643,0.07820118343195266,0.01104661094690262
1520144605.766904,-1.727,274.122,-0.16169773257069825,-0.06820118343195267,-9.57152577751902e-05,0.07820118343195266,0.01104661094690262
1520144605.78657,-1.678,274.145,-0.16129630684274013,-0.07020118343195267,-0.00025254158149518556,0.07820118343195266,0.01104661094690262
1520144605.791726,-1.642,274.17,-0.16085997452974093,-0.06720118343195267,-1.576922693533144e-05,0.07820118343195266,0.01104661094690262
1520144605.802582,-1.603,274.198,-0.16037128233918319,-0.06720118343195267,-7.430208362355946e-05,0.07820118343195266,0.01104661094690262
1520144605.815028,-1.578,274.228,-0.15984768356358436,-0.07220118343195266,-0.00010104095577242133,0.07820118343195266,0.01104661094690262
1520144605.826578,-1.56,274.262,-0.15925427161790642,-0.08120118343195266,-0.00010759270336297832,0.07820118343195266,0.01104661094690262
1520144605.843045,-1.5,274.312,-0.15838160699190906,-0.13020118343195267,-0.00032039758187669303,0.07820118343195266,0.01104661094690262
1520144605.850511,-1.446,274.394,-0.15695043700527384,-0.15920118343195266,-8.082801119918185e-05,0.07820118343195266,0.01104661094690262
1520144605.863299,-1.291,274.68199999999996,-0.15192388875953097,-0.8752011834319527,-0.0012730698745905004,0.07820118343195266,0.01104661094690262
1520144605.874536,-1.902,275.202,-0.14284817664915977,-0.18120118343195266,-0.0002502865710269137,0.07820118343195266,0.01104661094690262
1520144605.893605,-2.169,275.568,-0.13646027158686078,0.23279881656804735,0.000791606970910191,0.07820118343195266,0.01104661094690262
1520144605.898686,-2.386,275.618,-0.13558760696086342,0.17179881656804735,4.4727003971657605e-05,0.07820118343195266,0.01104661094690262
1520144605.911387,-2.721,275.616,-0.13562251354590346,0.14479881656804733,0.00021308189491330606,0.07820118343195266,0.01104661094690262
1520144605.922401,-3.031,275.697,-0.13420879685178777,0.22579881656804734,0.0002862783044564198,0.07820118343195266,0.01104661094690262
1520144605.943574,-3.354,275.795,-0.1324983741848331,0.31079881656804736,0.0012996935165532225,0.07820118343195266,0.01104661094690262
1520144605.948726,-3.547,275.872,-0.1311544706607975,0.31379881656804737,8.233474405103884e-05,0.07820118343195266,0.01104661094690262
1520144605.958717,-3.694,275.938,-0.1300025533544817,0.33779881656804733,0.00032401380162175536,0.07820118343195266,0.01104661094690262
1520144605.970405,-3.782,276.019,-0.12858883666036597,0.31679881656804737,0.0004152426892580618,0.07820118343195266,0.01104661094690262
1520144605.982887,-3.853,276.113,-0.1269482271634914,0.33379881656804733,0.0004974431198054345,0.07820118343195266,0.01104661094690262
1520144605.997693,-3.962,276.23199999999997,-0.12487128535361866,0.3867988165680474,0.0008270169410391464,0.07820118343195266,0.01104661094690262
1520144606.006844,-4.08,276.347,-0.12286415671382502,0.36279881656804736,0.00028794402167967595,0.07820118343195266,0.01104661094690262
1520144606.018388,-4.168,276.442,-0.12120609392442992,0.40179881656804733,0.0005225688800290539,0.07820118343195266,0.01104661094690262
1520144606.030705,-4.304,276.53499999999997,-0.11958293772007589,0.37779881656804737,0.0005467204045414301,0.07820118343195266,0.01104661094690262
1520144606.051121,-4.337,276.642,-0.11771543542044147,0.35979881656804735,0.0004871613846935334,0.07820118343195266,0.01104661094690262
1520144606.056274,-4.334,276.734,-0.11610973250860696,0.34379881656804734,0.0006252454590417066,0.07820118343195266,0.01104661094690262
1520144606.066467,-4.55,276.825,-0.11452148288929197,0.2607988165680474,0.000264850332560112,0.07820118343195266,0.01104661094690262
1520144606.078776,-4.683,276.938,-0.11254926083453838,0.2597988165680474,0.0003688537844738265,0.07820118343195266,0.01104661094690262
1520144606.09037,-4.607,277.045,-0.11068175853490397,0.27679881656804733,0.00036414991546735435,0.07820118343195266,0.01104661094690262
1520144606.106587,-4.549,277.11,-0.10954729452110769,0.24079881656804736,0.000610072800603436,0.07820118343195266,0.01104661094690262
1520144606.11442,-4.493,277.166,-0.10856991013999116,0.25379881656804737,0.00014593872220156206,0.07820118343195266,0.01104661094690262
1520144606.127415,-4.444,277.197,-0.10802885807187282,0.21279881656804733,0.0003420289631585842,0.07820118343195266,0.01104661094690262
1520144606.138302,-4.344,277.248,-0.10713874015335592,0.22179881656804734,0.00026029084859675427,0.07820118343195266,0.01104661094690262
1520144606.157557,-4.316,277.316,-0.10595191626200007,0.17579881656804736,0.0006111149825602681,0.07820118343195266,0.01104661094690262
1520144606.162495,-4.251,277.389,-0.10467782590804357,0.16079881656804734,3.717654985952346e-05,0.07820118343195266,0.01104661094690262
1520144606.17532,-4.138,277.449,-0.10363062835684694,0.16579881656804735,0.00023402362805153648,0.07820118343195266,0.01104661094690262
1520144606.186394,-4.06,277.5,-0.10274051043833005,0.18379881656804736,0.00023623663434128617,0.07820118343195266,0.01104661094690262
1520144606.207109,-3.998,277.539,-0.10205983203005248,0.15879881656804734,0.0006428506410923044,0.07820118343195266,0.01104661094690262
1520144606.212436,-3.916,277.563,-0.10164095300957382,0.12179881656804735,3.367925466661118e-05,0.07820118343195266,0.01104661094690262
1520144606.22251,-3.726,277.58,-0.10134424703673486,0.14079881656804732,0.000140977385577081,0.07820118343195266,0.01104661094690262
1520144606.234311,-3.55,277.616,-0.10071592850601688,0.11879881656804735,0.00015793487426002755,0.07820118343195266,0.01104661094690262
1520144606.246695,-3.378,277.679,-0.09961637107726065,0.08279881656804734,0.00012255054859528142,0.07820118343195266,0.01104661094690262
1520144606.263275,-3.105,277.733,-0.09867389328118319,0.06379881656804733,0.0001784944305806263,0.07820118343195266,0.01104661094690262
1520144606.270501,-2.871,277.76599999999996,-0.09809793462802578,0.04979881656804734,2.895197108343342e-05,0.07820118343195266,0.01104661094690262
1520144606.282829,-2.812,277.828,-0.09701583049178909,-0.012201183431952659,-1.6537006175726022e-05,0.07820118343195266,0.01104661094690262
